match id,dataset_type,win_pred_team_id,win_pred_score,train_algorithm,is_ensemble,train_hps_trees,train_hps_depth,train_hps_lr,indep_feat_id1,indep_feat_id2,indep_feat_id3,indep_feat_id4,indep_feat_id5,indep_feat_id6,indep_feat_id7,indep_feat_id8,indep_feat_id9,indep_feat_id10
9250275,r1,,,,,,,,,,,,,,,,,
9262189,r1,,,,,,,,,,,,,,,,,
9128776,r1,,,,,,,,,,,,,,,,,
9586919,r1,,,,,,,,,,,,,,,,,
9128538,r1,,,,,,,,,,,,,,,,,
9516653,r1,,,,,,,,,,,,,,,,,
9516534,r1,,,,,,,,,,,,,,,,,
9085474,r1,,,,,,,,,,,,,,,,,
9433752,r1,,,,,,,,,,,,,,,,,
9516359,r1,,,,,,,,,,,,,,,,,
9262133,r1,,,,,,,,,,,,,,,,,
9782086,r1,,,,,,,,,,,,,,,,,
9271807,r1,,,,,,,,,,,,,,,,,
9644102,r1,,,,,,,,,,,,,,,,,
9256386,r1,,,,,,,,,,,,,,,,,
9272773,r1,,,,,,,,,,,,,,,,,
9433850,r1,,,,,,,,,,,,,,,,,
9615073,r1,,,,,,,,,,,,,,,,,
9262035,r1,,,,,,,,,,,,,,,,,
9262252,r1,,,,,,,,,,,,,,,,,
9128363,r1,,,,,,,,,,,,,,,,,
9085292,r1,,,,,,,,,,,,,,,,,
9272444,r1,,,,,,,,,,,,,,,,,
9457538,r1,,,,,,,,,,,,,,,,,
9433108,r1,,,,,,,,,,,,,,,,,
9516674,r1,,,,,,,,,,,,,,,,,
9684506,r1,,,,,,,,,,,,,,,,,
9167927,r1,,,,,,,,,,,,,,,,,
9433885,r1,,,,,,,,,,,,,,,,,
9433899,r1,,,,,,,,,,,,,,,,,
9087147,r1,,,,,,,,,,,,,,,,,
9457664,r1,,,,,,,,,,,,,,,,,
9097395,r1,,,,,,,,,,,,,,,,,
9271800,r1,,,,,,,,,,,,,,,,,
9087042,r1,,,,,,,,,,,,,,,,,
9457510,r1,,,,,,,,,,,,,,,,,
9085040,r1,,,,,,,,,,,,,,,,,
9085418,r1,,,,,,,,,,,,,,,,,
9331398,r1,,,,,,,,,,,,,,,,,
9272507,r1,,,,,,,,,,,,,,,,,
9225376,r1,,,,,,,,,,,,,,,,,
9516338,r1,,,,,,,,,,,,,,,,,
9440493,r1,,,,,,,,,,,,,,,,,
9457447,r1,,,,,,,,,,,,,,,,,
9077011,r1,,,,,,,,,,,,,,,,,
9085355,r1,,,,,,,,,,,,,,,,,
9076997,r1,,,,,,,,,,,,,,,,,
9587136,r1,,,,,,,,,,,,,,,,,
8887801,r1,,,,,,,,,,,,,,,,,
9684667,r1,,,,,,,,,,,,,,,,,
9330789,r1,,,,,,,,,,,,,,,,,
9098844,r1,,,,,,,,,,,,,,,,,
9331335,r1,,,,,,,,,,,,,,,,,
9085187,r1,,,,,,,,,,,,,,,,,
9051104,r1,,,,,,,,,,,,,,,,,
9271730,r1,,,,,,,,,,,,,,,,,
9051048,r1,,,,,,,,,,,,,,,,,
9407782,r1,,,,,,,,,,,,,,,,,
9272542,r1,,,,,,,,,,,,,,,,,
9377339,r1,,,,,,,,,,,,,,,,,
8950780,r1,,,,,,,,,,,,,,,,,
9290917,r1,,,,,,,,,,,,,,,,,
9084655,r1,,,,,,,,,,,,,,,,,
9516569,r1,,,,,,,,,,,,,,,,,
9085215,r1,,,,,,,,,,,,,,,,,
9292569,r1,,,,,,,,,,,,,,,,,
9272738,r1,,,,,,,,,,,,,,,,,
9331216,r1,,,,,,,,,,,,,,,,,
9128356,r1,,,,,,,,,,,,,,,,,
9516807,r1,,,,,,,,,,,,,,,,,
9377318,r1,,,,,,,,,,,,,,,,,
9084613,r1,,,,,,,,,,,,,,,,,
9330705,r1,,,,,,,,,,,,,,,,,
9717518,r1,,,,,,,,,,,,,,,,,
9433535,r1,,,,,,,,,,,,,,,,,
9692451,r1,,,,,,,,,,,,,,,,,
9489451,r1,,,,,,,,,,,,,,,,,
9272549,r1,,,,,,,,,,,,,,,,,
9539718,r1,,,,,,,,,,,,,,,,,
9516779,r1,,,,,,,,,,,,,,,,,
8887780,r1,,,,,,,,,,,,,,,,,
9220070,r1,,,,,,,,,,,,,,,,,
9407733,r1,,,,,,,,,,,,,,,,,
9076822,r1,,,,,,,,,,,,,,,,,
9051097,r1,,,,,,,,,,,,,,,,,
9484593,r1,,,,,,,,,,,,,,,,,
9128426,r1,,,,,,,,,,,,,,,,,
9085278,r1,,,,,,,,,,,,,,,,,
9271695,r1,,,,,,,,,,,,,,,,,
9684051,r1,,,,,,,,,,,,,,,,,
9516443,r1,,,,,,,,,,,,,,,,,
9085327,r1,,,,,,,,,,,,,,,,,
9128552,r1,,,,,,,,,,,,,,,,,
9076983,r1,,,,,,,,,,,,,,,,,
9084956,r1,,,,,,,,,,,,,,,,,
9725764,r1,,,,,,,,,,,,,,,,,
9433157,r1,,,,,,,,,,,,,,,,,
9457482,r1,,,,,,,,,,,,,,,,,
9097178,r1,,,,,,,,,,,,,,,,,
9085362,r1,,,,,,,,,,,,,,,,,
9097185,r1,,,,,,,,,,,,,,,,,
9457419,r1,,,,,,,,,,,,,,,,,
9684786,r1,,,,,,,,,,,,,,,,,
9272493,r1,,,,,,,,,,,,,,,,,
9272703,r1,,,,,,,,,,,,,,,,,
9388511,r1,,,,,,,,,,,,,,,,,
9262231,r1,,,,,,,,,,,,,,,,,
9087168,r1,,,,,,,,,,,,,,,,,
9087210,r1,,,,,,,,,,,,,,,,,
9433178,r1,,,,,,,,,,,,,,,,,
9051195,r1,,,,,,,,,,,,,,,,,
9433150,r1,,,,,,,,,,,,,,,,,
9128496,r1,,,,,,,,,,,,,,,,,
8938341,r1,,,,,,,,,,,,,,,,,
9084662,r1,,,,,,,,,,,,,,,,,
9128398,r1,,,,,,,,,,,,,,,,,
9457608,r1,,,,,,,,,,,,,,,,,
9097269,r1,,,,,,,,,,,,,,,,,
9440563,r1,,,,,,,,,,,,,,,,,
9457377,r1,,,,,,,,,,,,,,,,,
9087091,r1,,,,,,,,,,,,,,,,,
9272388,r1,,,,,,,,,,,,,,,,,
9680222,r1,,,,,,,,,,,,,,,,,
9272682,r1,,,,,,,,,,,,,,,,,
9077039,r1,,,,,,,,,,,,,,,,,
9586961,r1,,,,,,,,,,,,,,,,,
9344313,r1,,,,,,,,,,,,,,,,,
9051160,r1,,,,,,,,,,,,,,,,,
9250394,r1,,,,,,,,,,,,,,,,,
9331377,r1,,,,,,,,,,,,,,,,,
9849650,r1,,,,,,,,,,,,,,,,,
9725778,r1,,,,,,,,,,,,,,,,,
9225383,r1,,,,,,,,,,,,,,,,,
9516429,r1,,,,,,,,,,,,,,,,,
9344383,r1,,,,,,,,,,,,,,,,,
9702748,r1,,,,,,,,,,,,,,,,,
9094399,r1,,,,,,,,,,,,,,,,,
9331055,r1,,,,,,,,,,,,,,,,,
9076871,r1,,,,,,,,,,,,,,,,,
9290959,r1,,,,,,,,,,,,,,,,,
9330922,r1,,,,,,,,,,,,,,,,,
9128629,r1,,,,,,,,,,,,,,,,,
9051202,r1,,,,,,,,,,,,,,,,,
9407705,r1,,,,,,,,,,,,,,,,,
9388392,r1,,,,,,,,,,,,,,,,,
9152359,r1,,,,,,,,,,,,,,,,,
9271779,r1,,,,,,,,,,,,,,,,,
9433549,r1,,,,,,,,,,,,,,,,,
9433255,r1,,,,,,,,,,,,,,,,,
9272605,r1,,,,,,,,,,,,,,,,,
9085271,r1,,,,,,,,,,,,,,,,,
9489367,r1,,,,,,,,,,,,,,,,,
9516401,r1,,,,,,,,,,,,,,,,,
9290931,r1,,,,,,,,,,,,,,,,,
9516737,r1,,,,,,,,,,,,,,,,,
8887745,r1,,,,,,,,,,,,,,,,,
9027444,r1,,,,,,,,,,,,,,,,,
9457426,r1,,,,,,,,,,,,,,,,,
9407635,r1,,,,,,,,,,,,,,,,,
9263078,r1,,,,,,,,,,,,,,,,,
9516625,r1,,,,,,,,,,,,,,,,,
9087112,r1,,,,,,,,,,,,,,,,,
9388525,r1,,,,,,,,,,,,,,,,,
9087007,r1,,,,,,,,,,,,,,,,,
9680194,r1,,,,,,,,,,,,,,,,,
9330677,r1,,,,,,,,,,,,,,,,,
9087140,r1,,,,,,,,,,,,,,,,,
9592477,r1,,,,,,,,,,,,,,,,,
9388497,r1,,,,,,,,,,,,,,,,,
9051076,r1,,,,,,,,,,,,,,,,,
9077004,r1,,,,,,,,,,,,,,,,,
9076843,r1,,,,,,,,,,,,,,,,,
9684702,r1,,,,,,,,,,,,,,,,,
8844338,r1,,,,,,,,,,,,,,,,,
9680243,r1,,,,,,,,,,,,,,,,,
9516513,r1,,,,,,,,,,,,,,,,,
9327555,r1,,,,,,,,,,,,,,,,,
9094322,r1,,,,,,,,,,,,,,,,,
9085110,r1,,,,,,,,,,,,,,,,,
9084788,r1,,,,,,,,,,,,,,,,,
9150147,r1,,,,,,,,,,,,,,,,,
9076976,r1,,,,,,,,,,,,,,,,,
8938411,r1,,,,,,,,,,,,,,,,,
9262147,r1,,,,,,,,,,,,,,,,,
9027437,r1,,,,,,,,,,,,,,,,,
9097241,r1,,,,,,,,,,,,,,,,,
9680236,r1,,,,,,,,,,,,,,,,,
9657101,r1,,,,,,,,,,,,,,,,,
9615087,r1,,,,,,,,,,,,,,,,,
9272514,r1,,,,,,,,,,,,,,,,,
9459820,r1,,,,,,,,,,,,,,,,,
9684408,r1,,,,,,,,,,,,,,,,,
9639118,r1,,,,,,,,,,,,,,,,,
9516583,r1,,,,,,,,,,,,,,,,,
9433801,r1,,,,,,,,,,,,,,,,,
9330579,r1,,,,,,,,,,,,,,,,,
9176327,r1,,,,,,,,,,,,,,,,,
9250289,r1,,,,,,,,,,,,,,,,,
9433283,r1,,,,,,,,,,,,,,,,,
9433192,r1,,,,,,,,,,,,,,,,,
9051041,r1,,,,,,,,,,,,,,,,,
9262084,r1,,,,,,,,,,,,,,,,,
9484705,r1,,,,,,,,,,,,,,,,,
9457475,r1,,,,,,,,,,,,,,,,,
9830757,r1,,,,,,,,,,,,,,,,,
9272458,r1,,,,,,,,,,,,,,,,,
9539725,r1,,,,,,,,,,,,,,,,,
9684359,r1,,,,,,,,,,,,,,,,,
9263085,r1,,,,,,,,,,,,,,,,,
9094266,r1,,,,,,,,,,,,,,,,,
9250324,r1,,,,,,,,,,,,,,,,,
9587101,r1,,,,,,,,,,,,,,,,,
9433248,r1,,,,,,,,,,,,,,,,,
9094315,r1,,,,,,,,,,,,,,,,,
9128615,r1,,,,,,,,,,,,,,,,,
9094217,r1,,,,,,,,,,,,,,,,,
9094350,r1,,,,,,,,,,,,,,,,,
9094357,r1,,,,,,,,,,,,,,,,,
9388490,r1,,,,,,,,,,,,,,,,,
9087231,r1,,,,,,,,,,,,,,,,,
9344362,r1,,,,,,,,,,,,,,,,,
9484649,r1,,,,,,,,,,,,,,,,,
9085397,r1,,,,,,,,,,,,,,,,,
9084767,r1,,,,,,,,,,,,,,,,,
9128741,r1,,,,,,,,,,,,,,,,,
9344355,r1,,,,,,,,,,,,,,,,,
9433486,r1,,,,,,,,,,,,,,,,,
9094238,r1,,,,,,,,,,,,,,,,,
9433346,r1,,,,,,,,,,,,,,,,,
9484698,r1,,,,,,,,,,,,,,,,,
9680278,r1,,,,,,,,,,,,,,,,,
9084879,r1,,,,,,,,,,,,,,,,,
9084921,r1,,,,,,,,,,,,,,,,,
9489332,r1,,,,,,,,,,,,,,,,,
9051125,r1,,,,,,,,,,,,,,,,,
9749690,r1,,,,,,,,,,,,,,,,,
9167934,r1,,,,,,,,,,,,,,,,,
9272745,r1,,,,,,,,,,,,,,,,,
9484607,r1,,,,,,,,,,,,,,,,,
9097409,r1,,,,,,,,,,,,,,,,,
9097283,r1,,,,,,,,,,,,,,,,,
9094420,r1,,,,,,,,,,,,,,,,,
9433094,r1,,,,,,,,,,,,,,,,,
9272626,r1,,,,,,,,,,,,,,,,,
9256554,r1,,,,,,,,,,,,,,,,,
9484621,r1,,,,,,,,,,,,,,,,,
9484523,r1,,,,,,,,,,,,,,,,,
9094413,r1,,,,,,,,,,,,,,,,,
9299359,r1,,,,,,,,,,,,,,,,,
9516562,r1,,,,,,,,,,,,,,,,,
9151071,r1,,,,,,,,,,,,,,,,,
8887794,r1,,,,,,,,,,,,,,,,,
9084578,r1,,,,,,,,,,,,,,,,,
9128727,r1,,,,,,,,,,,,,,,,,
9051069,r1,,,,,,,,,,,,,,,,,
9272598,r1,,,,,,,,,,,,,,,,,
9516450,r1,,,,,,,,,,,,,,,,,
9097374,r1,,,,,,,,,,,,,,,,,
9586989,r1,,,,,,,,,,,,,,,,,
9084802,r1,,,,,,,,,,,,,,,,,
9250352,r1,,,,,,,,,,,,,,,,,
9344306,r1,,,,,,,,,,,,,,,,,
9262161,r1,,,,,,,,,,,,,,,,,
9684674,r1,,,,,,,,,,,,,,,,,
9702776,r1,,,,,,,,,,,,,,,,,
8950773,r1,,,,,,,,,,,,,,,,,
9094371,r1,,,,,,,,,,,,,,,,,
9440500,r1,,,,,,,,,,,,,,,,,
9085173,r1,,,,,,,,,,,,,,,,,
8887752,r1,,,,,,,,,,,,,,,,,
9272472,r1,,,,,,,,,,,,,,,,,
9331181,train,,,,,,,,,,,,,,,,,
8797060,train,,,,,,,,,,,,,,,,,
9433269,train,,,,,,,,,,,,,,,,,
9587073,train,,,,,,,,,,,,,,,,,
9516457,train,,,,,,,,,,,,,,,,,
9457412,train,,,,,,,,,,,,,,,,,
9292548,train,,,,,,,,,,,,,,,,,
9271758,train,,,,,,,,,,,,,,,,,
9331048,train,,,,,,,,,,,,,,,,,
9123162,train,,,,,,,,,,,,,,,,,
9516415,train,,,,,,,,,,,,,,,,,
9592470,train,,,,,,,,,,,,,,,,,
9128510,train,,,,,,,,,,,,,,,,,
9085222,train,,,,,,,,,,,,,,,,,
9085320,train,,,,,,,,,,,,,,,,,
9516632,train,,,,,,,,,,,,,,,,,
9272689,train,,,,,,,,,,,,,,,,,
9639125,train,,,,,,,,,,,,,,,,,
9433696,train,,,,,,,,,,,,,,,,,
9657059,train,,,,,,,,,,,,,,,,,
9457468,train,,,,,,,,,,,,,,,,,
9866373,train,,,,,,,,,,,,,,,,,
9680264,train,,,,,,,,,,,,,,,,,
9352356,train,,,,,,,,,,,,,,,,,
9433598,train,,,,,,,,,,,,,,,,,
9432989,train,,,,,,,,,,,,,,,,,
9027381,train,,,,,,,,,,,,,,,,,
9271765,train,,,,,,,,,,,,,,,,,
9076815,train,,,,,,,,,,,,,,,,,
9331097,train,,,,,,,,,,,,,,,,,
9290966,train,,,,,,,,,,,,,,,,,
9051055,train,,,,,,,,,,,,,,,,,
9272437,train,,,,,,,,,,,,,,,,,
9489444,train,,,,,,,,,,,,,,,,,
9176320,train,,,,,,,,,,,,,,,,,
9388483,train,,,,,,,,,,,,,,,,,
9290609,train,,,,,,,,,,,,,,,,,
9407614,train,,,,,,,,,,,,,,,,,
9823057,train,,,,,,,,,,,,,,,,,
9516730,train,,,,,,,,,,,,,,,,,
9692472,train,,,,,,,,,,,,,,,,,
9027262,train,,,,,,,,,,,,,,,,,
9433878,train,,,,,,,,,,,,,,,,,
9433640,train,,,,,,,,,,,,,,,,,
9085089,train,,,,,,,,,,,,,,,,,
9272724,train,,,,,,,,,,,,,,,,,
9407719,train,,,,,,,,,,,,,,,,,
9085299,train,,,,,,,,,,,,,,,,,
9680285,train,,,,,,,,,,,,,,,,,
9457685,train,,,,,,,,,,,,,,,,,
9085117,train,,,,,,,,,,,,,,,,,
9407670,train,,,,,,,,,,,,,,,,,
9433647,train,,,,,,,,,,,,,,,,,
8950822,train,,,,,,,,,,,,,,,,,
9433542,train,,,,,,,,,,,,,,,,,
9484565,train,,,,,,,,,,,,,,,,,
9249162,train,,,,,,,,,,,,,,,,,
9684450,train,,,,,,,,,,,,,,,,,
9027451,train,,,,,,,,,,,,,,,,,
9085243,train,,,,,,,,,,,,,,,,,
9087238,train,,,,,,,,,,,,,,,,,
9097367,train,,,,,,,,,,,,,,,,,
9457454,train,,,,,,,,,,,,,,,,,
9433388,train,,,,,,,,,,,,,,,,,
9076878,train,,,,,,,,,,,,,,,,,
9344418,train,,,,,,,,,,,,,,,,,
9084599,train,,,,,,,,,,,,,,,,,
9327534,train,,,,,,,,,,,,,,,,,
9051181,train,,,,,,,,,,,,,,,,,
9087259,train,,,,,,,,,,,,,,,,,
9128517,train,,,,,,,,,,,,,,,,,
9085348,train,,,,,,,,,,,,,,,,,
8844331,train,,,,,,,,,,,,,,,,,
9668539,train,,,,,,,,,,,,,,,,,
9457671,train,,,,,,,,,,,,,,,,,
9094406,train,,,,,,,,,,,,,,,,,
9084571,train,,,,,,,,,,,,,,,,,
9433206,train,,,,,,,,,,,,,,,,,
9087119,train,,,,,,,,,,,,,,,,,
9262042,train,,,,,,,,,,,,,,,,,
9097325,train,,,,,,,,,,,,,,,,,
9097479,train,,,,,,,,,,,,,,,,,
9087028,train,,,,,,,,,,,,,,,,,
9077018,train,,,,,,,,,,,,,,,,,
9489388,train,,,,,,,,,,,,,,,,,
9516373,train,,,,,,,,,,,,,,,,,
9433164,train,,,,,,,,,,,,,,,,,
9084739,train,,,,,,,,,,,,,,,,,
9516422,train,,,,,,,,,,,,,,,,,
9330719,train,,,,,,,,,,,,,,,,,
9702783,train,,,,,,,,,,,,,,,,,
9084676,train,,,,,,,,,,,,,,,,,
9290903,train,,,,,,,,,,,,,,,,,
9717504,train,,,,,,,,,,,,,,,,,
9684429,train,,,,,,,,,,,,,,,,,
9433059,train,,,,,,,,,,,,,,,,,
9484481,train,,,,,,,,,,,,,,,,,
9407663,train,,,,,,,,,,,,,,,,,
9592463,train,,,,,,,,,,,,,,,,,
9128594,train,,,,,,,,,,,,,,,,,
9094392,train,,,,,,,,,,,,,,,,,
9407649,train,,,,,,,,,,,,,,,,,
8844324,train,,,,,,,,,,,,,,,,,
9516352,train,,,,,,,,,,,,,,,,,
9684485,train,,,,,,,,,,,,,,,,,
9085229,train,,,,,,,,,,,,,,,,,
9433626,train,,,,,,,,,,,,,,,,,
9407656,train,,,,,,,,,,,,,,,,,
9457559,train,,,,,,,,,,,,,,,,,
9457622,train,,,,,,,,,,,,,,,,,
9076920,train,,,,,,,,,,,,,,,,,
9085019,train,,,,,,,,,,,,,,,,,
9128545,train,,,,,,,,,,,,,,,,,
9702699,train,,,,,,,,,,,,,,,,,
9668553,train,,,,,,,,,,,,,,,,,
9084669,train,,,,,,,,,,,,,,,,,
9331391,train,,,,,,,,,,,,,,,,,
9684534,train,,,,,,,,,,,,,,,,,
9128461,train,,,,,,,,,,,,,,,,,
9085369,train,,,,,,,,,,,,,,,,,
9222394,train,,,,,,,,,,,,,,,,,
9433493,train,,,,,,,,,,,,,,,,,
9272717,train,,,,,,,,,,,,,,,,,
9094252,train,,,,,,,,,,,,,,,,,
9516821,train,,,,,,,,,,,,,,,,,
9457636,train,,,,,,,,,,,,,,,,,
9657122,train,,,,,,,,,,,,,,,,,
9272661,train,,,,,,,,,,,,,,,,,
9516786,train,,,,,,,,,,,,,,,,,
9250373,train,,,,,,,,,,,,,,,,,
9433591,train,,,,,,,,,,,,,,,,,
8887661,train,,,,,,,,,,,,,,,,,
9262119,train,,,,,,,,,,,,,,,,,
9684576,train,,,,,,,,,,,,,,,,,
9330733,train,,,,,,,,,,,,,,,,,
9128678,train,,,,,,,,,,,,,,,,,
9407684,train,,,,,,,,,,,,,,,,,
9272451,train,,,,,,,,,,,,,,,,,
9516604,train,,,,,,,,,,,,,,,,,
9051244,train,,,,,,,,,,,,,,,,,
9027423,train,,,,,,,,,,,,,,,,,
9484642,train,,,,,,,,,,,,,,,,,
9433857,train,,,,,,,,,,,,,,,,,
9087182,train,,,,,,,,,,,,,,,,,
9433619,train,,,,,,,,,,,,,,,,,
9433465,train,,,,,,,,,,,,,,,,,
9856748,train,,,,,,,,,,,,,,,,,
9388378,train,,,,,,,,,,,,,,,,,
8950843,train,,,,,,,,,,,,,,,,,
9128391,train,,,,,,,,,,,,,,,,,
9657038,train,,,,,,,,,,,,,,,,,
9489479,train,,,,,,,,,,,,,,,,,
9680215,train,,,,,,,,,,,,,,,,,
9516688,train,,,,,,,,,,,,,,,,,
9128636,train,,,,,,,,,,,,,,,,,
9680159,train,,,,,,,,,,,,,,,,,
9587045,train,,,,,,,,,,,,,,,,,
9433892,train,,,,,,,,,,,,,,,,,
9433332,train,,,,,,,,,,,,,,,,,
9084844,train,,,,,,,,,,,,,,,,,
9128454,train,,,,,,,,,,,,,,,,,
9433738,train,,,,,,,,,,,,,,,,,
9087252,train,,,,,,,,,,,,,,,,,
9516639,train,,,,,,,,,,,,,,,,,
9407600,train,,,,,,,,,,,,,,,,,
9097038,train,,,,,,,,,,,,,,,,,
9344271,train,,,,,,,,,,,,,,,,,
9272633,train,,,,,,,,,,,,,,,,,
9587017,train,,,,,,,,,,,,,,,,,
9489353,train,,,,,,,,,,,,,,,,,
9407824,train,,,,,,,,,,,,,,,,,
9128531,train,,,,,,,,,,,,,,,,,
9433437,train,,,,,,,,,,,,,,,,,
9086986,train,,,,,,,,,,,,,,,,,
9433185,train,,,,,,,,,,,,,,,,,
9290616,train,,,,,,,,,,,,,,,,,
9433339,train,,,,,,,,,,,,,,,,,
9793818,train,,,,,,,,,,,,,,,,,
9250401,train,,,,,,,,,,,,,,,,,
9250387,train,,,,,,,,,,,,,,,,,
9489318,train,,,,,,,,,,,,,,,,,
9128503,train,,,,,,,,,,,,,,,,,
9684177,train,,,,,,,,,,,,,,,,,
9407607,train,,,,,,,,,,,,,,,,,
8887864,train,,,,,,,,,,,,,,,,,
9301991,train,,,,,,,,,,,,,,,,,
8887885,train,,,,,,,,,,,,,,,,,
9097297,train,,,,,,,,,,,,,,,,,
9702671,train,,,,,,,,,,,,,,,,,
9489402,train,,,,,,,,,,,,,,,,,
9085383,train,,,,,,,,,,,,,,,,,
9438274,train,,,,,,,,,,,,,,,,,
9484544,train,,,,,,,,,,,,,,,,,
9097073,train,,,,,,,,,,,,,,,,,
9272409,train,,,,,,,,,,,,,,,,,
9128573,train,,,,,,,,,,,,,,,,,
9433528,train,,,,,,,,,,,,,,,,,
9085236,train,,,,,,,,,,,,,,,,,
9592484,train,,,,,,,,,,,,,,,,,
9516597,train,,,,,,,,,,,,,,,,,
9433444,train,,,,,,,,,,,,,,,,,
9084781,train,,,,,,,,,,,,,,,,,
9407698,train,,,,,,,,,,,,,,,,,
9388406,train,,,,,,,,,,,,,,,,,
9587024,train,,,,,,,,,,,,,,,,,
9085264,train,,,,,,,,,,,,,,,,,
9097437,train,,,,,,,,,,,,,,,,,
9849713,train,,,,,,,,,,,,,,,,,
9290910,train,,,,,,,,,,,,,,,,,
9433304,train,,,,,,,,,,,,,,,,,
9352363,train,,,,,,,,,,,,,,,,,
8887787,train,,,,,,,,,,,,,,,,,
9097255,train,,,,,,,,,,,,,,,,,
9516758,train,,,,,,,,,,,,,,,,,
9185399,train,,,,,,,,,,,,,,,,,
9327492,train,,,,,,,,,,,,,,,,,
9085054,train,,,,,,,,,,,,,,,,,
9702706,train,,,,,,,,,,,,,,,,,
9085467,train,,,,,,,,,,,,,,,,,
9377325,train,,,,,,,,,,,,,,,,,
9085411,train,,,,,,,,,,,,,,,,,
9433577,train,,,,,,,,,,,,,,,,,
9457391,train,,,,,,,,,,,,,,,,,
9128489,train,,,,,,,,,,,,,,,,,
9388476,train,,,,,,,,,,,,,,,,,
9457615,train,,,,,,,,,,,,,,,,,
9331167,train,,,,,,,,,,,,,,,,,
9094329,train,,,,,,,,,,,,,,,,,
9262140,train,,,,,,,,,,,,,,,,,
9331356,train,,,,,,,,,,,,,,,,,
9684233,train,,,,,,,,,,,,,,,,,
9085488,train,,,,,,,,,,,,,,,,,
9085096,train,,,,,,,,,,,,,,,,,
9681531,train,,,,,,,,,,,,,,,,,
9657080,train,,,,,,,,,,,,,,,,,
9849755,train,,,,,,,,,,,,,,,,,
9830750,train,,,,,,,,,,,,,,,,,
9250303,train,,,,,,,,,,,,,,,,,
9085180,train,,,,,,,,,,,,,,,,,
9150140,train,,,,,,,,,,,,,,,,,
8797053,train,,,,,,,,,,,,,,,,,
9433780,train,,,,,,,,,,,,,,,,,
9725750,train,,,,,,,,,,,,,,,,,
9388427,train,,,,,,,,,,,,,,,,,
9051111,train,,,,,,,,,,,,,,,,,
9407628,train,,,,,,,,,,,,,,,,,
9150154,train,,,,,,,,,,,,,,,,,
9128664,train,,,,,,,,,,,,,,,,,
9085439,train,,,,,,,,,,,,,,,,,
9087021,train,,,,,,,,,,,,,,,,,
9076899,train,,,,,,,,,,,,,,,,,
9433199,train,,,,,,,,,,,,,,,,,
9344292,train,,,,,,,,,,,,,,,,,
9433745,train,,,,,,,,,,,,,,,,,
9084984,train,,,,,,,,,,,,,,,,,
9713206,train,,,,,,,,,,,,,,,,,
9433675,train,,,,,,,,,,,,,,,,,
9484712,train,,,,,,,,,,,,,,,,,
9085495,train,,,,,,,,,,,,,,,,,
9097108,train,,,,,,,,,,,,,,,,,
9516660,train,,,,,,,,,,,,,,,,,
8938355,train,,,,,,,,,,,,,,,,,
9087217,train,,,,,,,,,,,,,,,,,
9256393,train,,,,,,,,,,,,,,,,,
9299345,train,,,,,,,,,,,,,,,,,
9085131,train,,,,,,,,,,,,,,,,,
9087084,train,,,,,,,,,,,,,,,,,
9262021,train,,,,,,,,,,,,,,,,,
9377248,train,,,,,,,,,,,,,,,,,
9077025,train,,,,,,,,,,,,,,,,,
9407789,train,,,,,,,,,,,,,,,,,
9680306,train,,,,,,,,,,,,,,,,,
9684800,train,,,,,,,,,,,,,,,,,
9076969,train,,,,,,,,,,,,,,,,,
9457545,train,,,,,,,,,,,,,,,,,
9433906,train,,,,,,,,,,,,,,,,,
9290938,train,,,,,,,,,,,,,,,,,
9152352,train,,,,,,,,,,,,,,,,,
9084837,train,,,,,,,,,,,,,,,,,
9087063,train,,,,,,,,,,,,,,,,,
9587066,train,,,,,,,,,,,,,,,,,
8887857,train,,,,,,,,,,,,,,,,,
9433710,train,,,,,,,,,,,,,,,,,
9128713,train,,,,,,,,,,,,,,,,,
9680271,train,,,,,,,,,,,,,,,,,
9433612,train,,,,,,,,,,,,,,,,,
9051209,train,,,,,,,,,,,,,,,,,
9271723,train,,,,,,,,,,,,,,,,,
9489339,train,,,,,,,,,,,,,,,,,
9085145,train,,,,,,,,,,,,,,,,,
9262182,train,,,,,,,,,,,,,,,,,
9290623,train,,,,,,,,,,,,,,,,,
9438288,train,,,,,,,,,,,,,,,,,
9097276,train,,,,,,,,,,,,,,,,,
9433479,train,,,,,,,,,,,,,,,,,
9407754,train,,,,,,,,,,,,,,,,,
9123225,train,,,,,,,,,,,,,,,,,
9330551,train,,,,,,,,,,,,,,,,,
8887689,train,,,,,,,,,,,,,,,,,
9516541,train,,,,,,,,,,,,,,,,,
9084648,train,,,,,,,,,,,,,,,,,
9085075,train,,,,,,,,,,,,,,,,,
9262238,train,,,,,,,,,,,,,,,,,
9702720,train,,,,,,,,,,,,,,,,,
9097360,train,,,,,,,,,,,,,,,,,
8887843,train,,,,,,,,,,,,,,,,,
9094301,train,,,,,,,,,,,,,,,,,
9128762,train,,,,,,,,,,,,,,,,,
9262091,train,,,,,,,,,,,,,,,,,
9725771,train,,,,,,,,,,,,,,,,,
9085334,train,,,,,,,,,,,,,,,,,
9084823,train,,,,,,,,,,,,,,,,,
8887899,train,,,,,,,,,,,,,,,,,
9433871,train,,,,,,,,,,,,,,,,,
9084886,train,,,,,,,,,,,,,,,,,
9085208,train,,,,,,,,,,,,,,,,,
9128482,train,,,,,,,,,,,,,,,,,
9084683,train,,,,,,,,,,,,,,,,,
9457552,train,,,,,,,,,,,,,,,,,
9176635,train,,,,,,,,,,,,,,,,,
9290924,train,,,,,,,,,,,,,,,,,
9076857,train,,,,,,,,,,,,,,,,,
9084585,train,,,,,,,,,,,,,,,,,
9076962,train,,,,,,,,,,,,,,,,,
9272423,train,,,,,,,,,,,,,,,,,
9433605,train,,,,,,,,,,,,,,,,,
9503885,train,,,,,,,,,,,,,,,,,
9084942,train,,,,,,,,,,,,,,,,,
9087245,train,,,,,,,,,,,,,,,,,
9094231,train,,,,,,,,,,,,,,,,,
9484495,train,,,,,,,,,,,,,,,,,
9087014,train,,,,,,,,,,,,,,,,,
9027416,train,,,,,,,,,,,,,,,,,
9433556,train,,,,,,,,,,,,,,,,,
9222387,train,,,,,,,,,,,,,,,,,
9516709,train,,,,,,,,,,,,,,,,,
8887829,train,,,,,,,,,,,,,,,,,
9272528,train,,,,,,,,,,,,,,,,,
9433024,train,,,,,,,,,,,,,,,,,
9220063,train,,,,,,,,,,,,,,,,,
9084914,train,,,,,,,,,,,,,,,,,
9084830,train,,,,,,,,,,,,,,,,,
9272668,train,,,,,,,,,,,,,,,,,
9097346,train,,,,,,,,,,,,,,,,,
9644116,train,,,,,,,,,,,,,,,,,
9331300,train,,,,,,,,,,,,,,,,,
9344376,train,,,,,,,,,,,,,,,,,
9587031,train,,,,,,,,,,,,,,,,,
9433570,train,,,,,,,,,,,,,,,,,
9433325,train,,,,,,,,,,,,,,,,,
9433864,train,,,,,,,,,,,,,,,,,
9327499,train,,,,,,,,,,,,,,,,,
9516471,train,,,,,,,,,,,,,,,,,
9484530,train,,,,,,,,,,,,,,,,,
9087266,train,,,,,,,,,,,,,,,,,
9457405,train,,,,,,,,,,,,,,,,,
9128783,train,,,,,,,,,,,,,,,,,
9516366,train,,,,,,,,,,,,,,,,,
9087189,train,,,,,,,,,,,,,,,,,
9516590,train,,,,,,,,,,,,,,,,,
9344327,train,,,,,,,,,,,,,,,,,
9503878,train,,,,,,,,,,,,,,,,,
9262245,train,,,,,,,,,,,,,,,,,
9433913,train,,,,,,,,,,,,,,,,,
9433003,train,,,,,,,,,,,,,,,,,
9271646,train,,,,,,,,,,,,,,,,,
9344285,train,,,,,,,,,,,,,,,,,
9330915,train,,,,,,,,,,,,,,,,,
9866345,train,,,,,,,,,,,,,,,,,
9084711,train,,,,,,,,,,,,,,,,,
9076885,train,,,,,,,,,,,,,,,,,
9539732,train,,,,,,,,,,,,,,,,,
9433227,train,,,,,,,,,,,,,,,,,
9084746,train,,,,,,,,,,,,,,,,,
9097416,train,,,,,,,,,,,,,,,,,
9614989,train,,,,,,,,,,,,,,,,,
9076906,train,,,,,,,,,,,,,,,,,
9051083,train,,,,,,,,,,,,,,,,,
9489458,train,,,,,,,,,,,,,,,,,
9262168,train,,,,,,,,,,,,,,,,,
9433311,train,,,,,,,,,,,,,,,,,
9684296,train,,,,,,,,,,,,,,,,,
9128524,train,,,,,,,,,,,,,,,,,
9684989,train,,,,,,,,,,,,,,,,,
9272696,train,,,,,,,,,,,,,,,,,
9128825,train,,,,,,,,,,,,,,,,,
9684751,train,,,,,,,,,,,,,,,,,
9793811,train,,,,,,,,,,,,,,,,,
9128370,train,,,,,,,,,,,,,,,,,
9516485,train,,,,,,,,,,,,,,,,,
9051013,train,,,,,,,,,,,,,,,,,
9176649,train,,,,,,,,,,,,,,,,,
9290630,train,,,,,,,,,,,,,,,,,
9128566,train,,,,,,,,,,,,,,,,,
9256351,train,,,,,,,,,,,,,,,,,
9331006,train,,,,,,,,,,,,,,,,,
9272430,train,,,,,,,,,,,,,,,,,
9668532,train,,,,,,,,,,,,,,,,,
9587115,train,,,,,,,,,,,,,,,,,
9344369,train,,,,,,,,,,,,,,,,,
9457573,train,,,,,,,,,,,,,,,,,
9128405,train,,,,,,,,,,,,,,,,,
9433360,train,,,,,,,,,,,,,,,,,
9085152,train,,,,,,,,,,,,,,,,,
9151078,train,,,,,,,,,,,,,,,,,
9344446,train,,,,,,,,,,,,,,,,,
9680173,train,,,,,,,,,,,,,,,,,
9330502,train,,,,,,,,,,,,,,,,,
9051146,train,,,,,,,,,,,,,,,,,
9094245,train,,,,,,,,,,,,,,,,,
9331258,train,,,,,,,,,,,,,,,,,
9051174,train,,,,,,,,,,,,,,,,,
9684632,train,,,,,,,,,,,,,,,,,
9084732,train,,,,,,,,,,,,,,,,,
9849678,train,,,,,,,,,,,,,,,,,
9250380,train,,,,,,,,,,,,,,,,,
9887863,train,,,,,,,,,,,,,,,,,
9344460,train,,,,,,,,,,,,,,,,,
9782072,train,,,,,,,,,,,,,,,,,
9433234,train,,,,,,,,,,,,,,,,,
9087070,train,,,,,,,,,,,,,,,,,
9094343,train,,,,,,,,,,,,,,,,,
9388504,train,,,,,,,,,,,,,,,,,
9823064,train,,,,,,,,,,,,,,,,,
9051132,train,,,,,,,,,,,,,,,,,
9084963,train,,,,,,,,,,,,,,,,,
9085166,train,,,,,,,,,,,,,,,,,
9051230,train,,,,,,,,,,,,,,,,,
9250268,train,,,,,,,,,,,,,,,,,
9087049,train,,,,,,,,,,,,,,,,,
9484572,train,,,,,,,,,,,,,,,,,
9290637,train,,,,,,,,,,,,,,,,,
9587038,train,,,,,,,,,,,,,,,,,
9433262,train,,,,,,,,,,,,,,,,,
9702713,train,,,,,,,,,,,,,,,,,
9272759,train,,,,,,,,,,,,,,,,,
9457629,train,,,,,,,,,,,,,,,,,
9684975,train,,,,,,,,,,,,,,,,,
9516506,train,,,,,,,,,,,,,,,,,
9097332,train,,,,,,,,,,,,,,,,,
9051118,train,,,,,,,,,,,,,,,,,
9344404,train,,,,,,,,,,,,,,,,,
9457433,train,,,,,,,,,,,,,,,,,
9331244,train,,,,,,,,,,,,,,,,,
9262070,train,,,,,,,,,,,,,,,,,
9489416,train,,,,,,,,,,,,,,,,,
9263092,train,,,,,,,,,,,,,,,,,
9094385,train,,,,,,,,,,,,,,,,,
9076864,train,,,,,,,,,,,,,,,,,
9344432,train,,,,,,,,,,,,,,,,,
9027402,train,,,,,,,,,,,,,,,,,
9085068,train,,,,,,,,,,,,,,,,,
9684562,train,,,,,,,,,,,,,,,,,
9407796,train,,,,,,,,,,,,,,,,,
9407817,train,,,,,,,,,,,,,,,,,
9262126,train,,,,,,,,,,,,,,,,,
9388441,train,,,,,,,,,,,,,,,,,
9440570,train,,,,,,,,,,,,,,,,,
9123197,train,,,,,,,,,,,,,,,,,
9407803,train,,,,,,,,,,,,,,,,,
9615080,train,,,,,,,,,,,,,,,,,
9587087,train,,,,,,,,,,,,,,,,,
9457503,train,,,,,,,,,,,,,,,,,
8938348,train,,,,,,,,,,,,,,,,,
9087224,train,,,,,,,,,,,,,,,,,
9077032,train,,,,,,,,,,,,,,,,,
9388413,train,,,,,,,,,,,,,,,,,
9128797,train,,,,,,,,,,,,,,,,,
9489423,train,,,,,,,,,,,,,,,,,
9331342,train,,,,,,,,,,,,,,,,,
9094364,train,,,,,,,,,,,,,,,,,
9484656,train,,,,,,,,,,,,,,,,,
9457496,train,,,,,,,,,,,,,,,,,
9272640,train,,,,,,,,,,,,,,,,,
9290945,train,,,,,,,,,,,,,,,,,
9331363,train,,,,,,,,,,,,,,,,,
8887717,train,,,,,,,,,,,,,,,,,
9272731,train,,,,,,,,,,,,,,,,,
9051139,train,,,,,,,,,,,,,,,,,
9299331,train,,,,,,,,,,,,,,,,,
9271751,train,,,,,,,,,,,,,,,,,
9027388,train,,,,,,,,,,,,,,,,,
9084725,train,,,,,,,,,,,,,,,,,
9516618,train,,,,,,,,,,,,,,,,,
9272766,train,,,,,,,,,,,,,,,,,
8887773,train,,,,,,,,,,,,,,,,,
9176642,train,,,,,,,,,,,,,,,,,
9680180,train,,,,,,,,,,,,,,,,,
9615094,train,,,,,,,,,,,,,,,,,
9516387,train,,,,,,,,,,,,,,,,,
9128804,train,,,,,,,,,,,,,,,,,
9185413,train,,,,,,,,,,,,,,,,,
9489486,train,,,,,,,,,,,,,,,,,
9150133,train,,,,,,,,,,,,,,,,,
9085047,train,,,,,,,,,,,,,,,,,
9352370,train,,,,,,,,,,,,,,,,,
9027283,train,,,,,,,,,,,,,,,,,
9484537,train,,,,,,,,,,,,,,,,,
9272612,train,,,,,,,,,,,,,,,,,
9457594,train,,,,,,,,,,,,,,,,,
8887836,train,,,,,,,,,,,,,,,,,
9097101,train,,,,,,,,,,,,,,,,,
9484614,train,,,,,,,,,,,,,,,,,
9076927,train,,,,,,,,,,,,,,,,,
9076913,train,,,,,,,,,,,,,,,,,
9085201,train,,,,,,,,,,,,,,,,,
9256372,train,,,,,,,,,,,,,,,,,
9085481,train,,,,,,,,,,,,,,,,,
9433682,train,,,,,,,,,,,,,,,,,
9051090,train,,,,,,,,,,,,,,,,,
9681510,train,,,,,,,,,,,,,,,,,
9668546,train,,,,,,,,,,,,,,,,,
9684317,train,,,,,,,,,,,,,,,,,
9255945,train,,,,,,,,,,,,,,,,,
9271786,train,,,,,,,,,,,,,,,,,
9484677,train,,,,,,,,,,,,,,,,,
9094224,train,,,,,,,,,,,,,,,,,
9299352,train,,,,,,,,,,,,,,,,,
9344425,train,,,,,,,,,,,,,,,,,
9586996,train,,,,,,,,,,,,,,,,,
9457517,train,,,,,,,,,,,,,,,,,
9388518,train,,,,,,,,,,,,,,,,,
9272563,train,,,,,,,,,,,,,,,,,
9262210,train,,,,,,,,,,,,,,,,,
9702727,train,,,,,,,,,,,,,,,,,
9330978,train,,,,,,,,,,,,,,,,,
9250310,train,,,,,,,,,,,,,,,,,
9823050,train,,,,,,,,,,,,,,,,,
9098837,train,,,,,,,,,,,,,,,,,
9290952,train,,,,,,,,,,,,,,,,,
9094378,train,,,,,,,,,,,,,,,,,
9097353,train,,,,,,,,,,,,,,,,,
9290651,train,,,,,,,,,,,,,,,,,
9222415,train,,,,,,,,,,,,,,,,,
9085376,train,,,,,,,,,,,,,,,,,
9680201,train,,,,,,,,,,,,,,,,,
9680320,train,,,,,,,,,,,,,,,,,
9749697,train,,,,,,,,,,,,,,,,,
9866338,train,,,,,,,,,,,,,,,,,
9388539,train,,,,,,,,,,,,,,,,,
9097402,train,,,,,,,,,,,,,,,,,
9128608,train,,,,,,,,,,,,,,,,,
9097045,train,,,,,,,,,,,,,,,,,
9484670,train,,,,,,,,,,,,,,,,,
9087056,train,,,,,,,,,,,,,,,,,
9702762,train,,,,,,,,,,,,,,,,,
9076836,train,,,,,,,,,,,,,,,,,
9680292,train,,,,,,,,,,,,,,,,,
9388574,train,,,,,,,,,,,,,,,,,
9128475,train,,,,,,,,,,,,,,,,,
9128692,train,,,,,,,,,,,,,,,,,
9331293,train,,,,,,,,,,,,,,,,,
9407747,train,,,,,,,,,,,,,,,,,
9087035,train,,,,,,,,,,,,,,,,,
9128643,train,,,,,,,,,,,,,,,,,
9271737,train,,,,,,,,,,,,,,,,,
9489255,train,,,,,,,,,,,,,,,,,
9516380,train,,,,,,,,,,,,,,,,,
9272780,train,,,,,,,,,,,,,,,,,
9330663,train,,,,,,,,,,,,,,,,,
9837295,train,,,,,,,,,,,,,,,,,
9586975,train,,,,,,,,,,,,,,,,,
9489269,train,,,,,,,,,,,,,,,,,
9433416,train,,,,,,,,,,,,,,,,,
9085446,train,,,,,,,,,,,,,,,,,
9344397,train,,,,,,,,,,,,,,,,,
9262077,train,,,,,,,,,,,,,,,,,
9516681,train,,,,,,,,,,,,,,,,,
9680257,train,,,,,,,,,,,,,,,,,
9271772,train,,,,,,,,,,,,,,,,,
9377241,train,,,,,,,,,,,,,,,,,
9084697,train,,,,,,,,,,,,,,,,,
9484551,train,,,,,,,,,,,,,,,,,
9457678,train,,,,,,,,,,,,,,,,,
9272710,train,,,,,,,,,,,,,,,,,
9330964,train,,,,,,,,,,,,,,,,,
9262028,train,,,,,,,,,,,,,,,,,
9076990,train,,,,,,,,,,,,,,,,,
9433367,train,,,,,,,,,,,,,,,,,
9123169,train,,,,,,,,,,,,,,,,,
9272556,train,,,,,,,,,,,,,,,,,
9272402,train,,,,,,,,,,,,,,,,,
9516345,train,,,,,,,,,,,,,,,,,
9292555,train,,,,,,,,,,,,,,,,,
9516611,train,,,,,,,,,,,,,,,,,
9097024,train,,,,,,,,,,,,,,,,,
9849769,train,,,,,,,,,,,,,,,,,
9684618,train,,,,,,,,,,,,,,,,,
9271667,train,,,,,,,,,,,,,,,,,
9051062,train,,,,,,,,,,,,,,,,,
9272416,train,,,,,,,,,,,,,,,,,
9123211,train,,,,,,,,,,,,,,,,,
9657094,train,,,,,,,,,,,,,,,,,
9327485,train,,,,,,,,,,,,,,,,,
9051237,train,,,,,,,,,,,,,,,,,
9087154,train,,,,,,,,,,,,,,,,,
9684107,train,,,,,,,,,,,,,,,,,
9388399,train,,,,,,,,,,,,,,,,,
9085012,train,,,,,,,,,,,,,,,,,
9027395,train,,,,,,,,,,,,,,,,,
9084900,train,,,,,,,,,,,,,,,,,
9459827,train,,,,,,,,,,,,,,,,,
9262098,train,,,,,,,,,,,,,,,,,
9782079,train,,,,,,,,,,,,,,,,,
8887731,train,,,,,,,,,,,,,,,,,
9084858,train,,,,,,,,,,,,,,,,,
9085306,train,,,,,,,,,,,,,,,,,
9657157,train,,,,,,,,,,,,,,,,,
9684954,train,,,,,,,,,,,,,,,,,
9614996,train,,,,,,,,,,,,,,,,,
9085341,train,,,,,,,,,,,,,,,,,
9433402,train,,,,,,,,,,,,,,,,,
9330992,train,,,,,,,,,,,,,,,,,
9097171,train,,,,,,,,,,,,,,,,,
9702790,train,,,,,,,,,,,,,,,,,
9330614,train,,,,,,,,,,,,,,,,,
8887675,train,,,,,,,,,,,,,,,,,
9433080,train,,,,,,,,,,,,,,,,,
9272647,train,,,,,,,,,,,,,,,,,
9433794,train,,,,,,,,,,,,,,,,,
9587052,train,,,,,,,,,,,,,,,,,
9433276,train,,,,,,,,,,,,,,,,,
9076948,train,,,,,,,,,,,,,,,,,
9680313,train,,,,,,,,,,,,,,,,,
9433584,train,,,,,,,,,,,,,,,,,
9680187,train,,,,,,,,,,,,,,,,,
9272465,train,,,,,,,,,,,,,,,,,
9272500,train,,,,,,,,,,,,,,,,,
9684940,train,,,,,,,,,,,,,,,,,
9271744,train,,,,,,,,,,,,,,,,,
9087196,train,,,,,,,,,,,,,,,,,
9327569,train,,,,,,,,,,,,,,,,,
9097262,train,,,,,,,,,,,,,,,,,
8887871,train,,,,,,,,,,,,,,,,,
8938418,train,,,,,,,,,,,,,,,,,
9793846,train,,,,,,,,,,,,,,,,,
9085082,train,,,,,,,,,,,,,,,,,
9271688,train,,,,,,,,,,,,,,,,,
9128657,train,,,,,,,,,,,,,,,,,
9097388,train,,,,,,,,,,,,,,,,,
9516394,train,,,,,,,,,,,,,,,,,
9433514,train,,,,,,,,,,,,,,,,,
9713199,train,,,,,,,,,,,,,,,,,
9087203,train,,,,,,,,,,,,,,,,,
9407726,train,,,,,,,,,,,,,,,,,
9344257,train,,,,,,,,,,,,,,,,,
9407642,train,,,,,,,,,,,,,,,,,
9271653,train,,,,,,,,,,,,,,,,,
9433395,train,,,,,,,,,,,,,,,,,
9084606,train,,,,,,,,,,,,,,,,,
9457601,train,,,,,,,,,,,,,,,,,
9407621,train,,,,,,,,,,,,,,,,,
9516492,train,,,,,,,,,,,,,,,,,
9128769,train,,,,,,,,,,,,,,,,,
9085460,train,,,,,,,,,,,,,,,,,
9407677,train,,,,,,,,,,,,,,,,,
9128349,train,,,,,,,,,,,,,,,,,
9457489,train,,,,,,,,,,,,,,,,,
9484600,train,,,,,,,,,,,,,,,,,
9433374,train,,,,,,,,,,,,,,,,,
9094210,train,,,,,,,,,,,,,,,,,
9680229,train,,,,,,,,,,,,,,,,,
9433724,train,,,,,,,,,,,,,,,,,
9433836,train,,,,,,,,,,,,,,,,,
9702734,train,,,,,,,,,,,,,,,,,
9331125,train,,,,,,,,,,,,,,,,,
8950801,train,,,,,,,,,,,,,,,,,
9457398,train,,,,,,,,,,,,,,,,,
9516499,train,,,,,,,,,,,,,,,,,
9457566,train,,,,,,,,,,,,,,,,,
9076829,train,,,,,,,,,,,,,,,,,
9516744,train,,,,,,,,,,,,,,,,,
9433689,train,,,,,,,,,,,,,,,,,
9484586,train,,,,,,,,,,,,,,,,,
9668560,train,,,,,,,,,,,,,,,,,
9256379,train,,,,,,,,,,,,,,,,,
9856734,train,,,,,,,,,,,,,,,,,
9290980,train,,,,,,,,,,,,,,,,,
9128622,train,,,,,,,,,,,,,,,,,
8887822,train,,,,,,,,,,,,,,,,,
9250338,train,,,,,,,,,,,,,,,,,
9433843,train,,,,,,,,,,,,,,,,,
9489304,train,,,,,,,,,,,,,,,,,
9489262,train,,,,,,,,,,,,,,,,,
9262154,train,,,,,,,,,,,,,,,,,
8887766,train,,,,,,,,,,,,,,,,,
9086965,train,,,,,,,,,,,,,,,,,
9457461,train,,,,,,,,,,,,,,,,,
9128559,train,,,,,,,,,,,,,,,,,
8797067,train,,,,,,,,,,,,,,,,,
9433815,train,,,,,,,,,,,,,,,,,
9094308,train,,,,,,,,,,,,,,,,,
9290644,train,,,,,,,,,,,,,,,,,
9490053,train,,,,,,,,,,,,,,,,,
9516716,train,,,,,,,,,,,,,,,,,
9051223,train,,,,,,,,,,,,,,,,,
9225348,train,,,,,,,,,,,,,,,,,
9128468,train,,,,,,,,,,,,,,,,,
9489283,train,,,,,,,,,,,,,,,,,
9587003,train,,,,,,,,,,,,,,,,,
9096975,train,,,,,,,,,,,,,,,,,
9457650,train,,,,,,,,,,,,,,,,,
9272584,train,,,,,,,,,,,,,,,,,
9684128,train,,,,,,,,,,,,,,,,,
9388385,train,,,,,,,,,,,,,,,,,
9051020,train,,,,,,,,,,,,,,,,,
9262196,train,,,,,,,,,,,,,,,,,
9684541,train,,,,,,,,,,,,,,,,,
9225341,train,,,,,,,,,,,,,,,,,
9615066,train,,,,,,,,,,,,,,,,,
9484691,train,,,,,,,,,,,,,,,,,
9128685,train,,,,,,,,,,,,,,,,,
9085432,train,,,,,,,,,,,,,,,,,
9087175,train,,,,,,,,,,,,,,,,,
9097290,train,,,,,,,,,,,,,,,,,
9587080,train,,,,,,,,,,,,,,,,,
9262105,train,,,,,,,,,,,,,,,,,
9823029,train,,,,,,,,,,,,,,,,,
9433290,train,,,,,,,,,,,,,,,,,
8950836,train,,,,,,,,,,,,,,,,,
9084753,train,,,,,,,,,,,,,,,,,
9849643,train,,,,,,,,,,,,,,,,,
9433521,train,,,,,,,,,,,,,,,,,
9830743,train,,,,,,,,,,,,,,,,,
9271716,train,,,,,,,,,,,,,,,,,
9085453,train,,,,,,,,,,,,,,,,,
9433472,train,,,,,,,,,,,,,,,,,
9085005,train,,,,,,,,,,,,,,,,,
9489395,train,,,,,,,,,,,,,,,,,
9344411,train,,,,,,,,,,,,,,,,,
9433017,train,,,,,,,,,,,,,,,,,
9123204,train,,,,,,,,,,,,,,,,,
9151064,train,,,,,,,,,,,,,,,,,
9681629,train,,,,,,,,,,,,,,,,,
9085313,train,,,,,,,,,,,,,,,,,
9128734,train,,,,,,,,,,,,,,,,,
8887878,train,,,,,,,,,,,,,,,,,
9084949,train,,,,,,,,,,,,,,,,,
9433451,train,,,,,,,,,,,,,,,,,
9084935,train,,,,,,,,,,,,,,,,,
9290973,train,,,,,,,,,,,,,,,,,
9331384,train,,,,,,,,,,,,,,,,,
9433430,train,,,,,,,,,,,,,,,,,
9433066,train,,,,,,,,,,,,,,,,,
9457384,train,,,,,,,,,,,,,,,,,
9657136,train,,,,,,,,,,,,,,,,,
9094259,train,,,,,,,,,,,,,,,,,
9866331,train,,,,,,,,,,,,,,,,,
9301963,train,,,,,,,,,,,,,,,,,
9272801,train,,,,,,,,,,,,,,,,,
9250359,train,,,,,,,,,,,,,,,,,
9644109,train,,,,,,,,,,,,,,,,,
9085061,train,,,,,,,,,,,,,,,,,
9684982,train,,,,,,,,,,,,,,,,,
9128419,train,,,,,,,,,,,,,,,,,
9128412,train,,,,,,,,,,,,,,,,,
9262224,train,,,,,,,,,,,,,,,,,
9128699,train,,,,,,,,,,,,,,,,,
8887759,train,,,,,,,,,,,,,,,,,
9327583,train,,,,,,,,,,,,,,,,,
9096989,train,,,,,,,,,,,,,,,,,
9388371,train,,,,,,,,,,,,,,,,,
9256365,train,,,,,,,,,,,,,,,,,
8887808,train,,,,,,,,,,,,,,,,,
9094273,train,,,,,,,,,,,,,,,,,
9433073,train,,,,,,,,,,,,,,,,,
9301970,train,,,,,,,,,,,,,,,,,
9256561,train,,,,,,,,,,,,,,,,,
9084998,train,,,,,,,,,,,,,,,,,
9489465,train,,,,,,,,,,,,,,,,,
9128377,train,,,,,,,,,,,,,,,,,
9587094,train,,,,,,,,,,,,,,,,,
9433045,train,,,,,,,,,,,,,,,,,
9085103,train,,,,,,,,,,,,,,,,,
9837253,train,,,,,,,,,,,,,,,,,
9457580,train,,,,,,,,,,,,,,,,,
9150126,train,,,,,,,,,,,,,,,,,
9271681,train,,,,,,,,,,,,,,,,,
8887850,train,,,,,,,,,,,,,,,,,
9823071,train,,,,,,,,,,,,,,,,,
9837218,train,,,,,,,,,,,,,,,,,
9516520,train,,,,,,,,,,,,,,,,,
9433129,train,,,,,,,,,,,,,,,,,
9344250,train,,,,,,,,,,,,,,,,,
9331349,train,,,,,,,,,,,,,,,,,
9097164,train,,,,,,,,,,,,,,,,,
9262056,train,,,,,,,,,,,,,,,,,
9433010,train,,,,,,,,,,,,,,,,,
9516814,train,,,,,,,,,,,,,,,,,
9330586,train,,,,,,,,,,,,,,,,,
9516793,train,,,,,,,,,,,,,,,,,
9084970,train,,,,,,,,,,,,,,,,,
9344320,train,,,,,,,,,,,,,,,,,
9516408,train,,,,,,,,,,,,,,,,,
9292562,train,,,,,,,,,,,,,,,,,
9344299,train,,,,,,,,,,,,,,,,,
8950808,train,,,,,,,,,,,,,,,,,
9128440,train,,,,,,,,,,,,,,,,,
9272395,train,,,,,,,,,,,,,,,,,
9433787,train,,,,,,,,,,,,,,,,,
9388469,train,,,,,,,,,,,,,,,,,
9457531,train,,,,,,,,,,,,,,,,,
9407740,train,,,,,,,,,,,,,,,,,
9085257,train,,,,,,,,,,,,,,,,,
9272654,train,,,,,,,,,,,,,,,,,
9076955,train,,,,,,,,,,,,,,,,,
9459813,train,,,,,,,,,,,,,,,,,
9225334,train,,,,,,,,,,,,,,,,,
9684947,train,,,,,,,,,,,,,,,,,
9657052,train,,,,,,,,,,,,,,,,,
9489381,train,,,,,,,,,,,,,,,,,
9680250,train,,,,,,,,,,,,,,,,,
9516464,train,,,,,,,,,,,,,,,,,
9094280,train,,,,,,,,,,,,,,,,,
9327541,train,,,,,,,,,,,,,,,,,
9331132,train,,,,,,,,,,,,,,,,,
9085425,train,,,,,,,,,,,,,,,,,
9433122,train,,,,,,,,,,,,,,,,,
9489346,train,,,,,,,,,,,,,,,,,
9027430,train,,,,,,,,,,,,,,,,,
9433808,train,,,,,,,,,,,,,,,,,
8887710,train,,,,,,,,,,,,,,,,,
9272381,train,,,,,,,,,,,,,,,,,
9433220,train,,,,,,,,,,,,,,,,,
9433031,train,,,,,,,,,,,,,,,,,
9586926,train,,,,,,,,,,,,,,,,,
9084851,train,,,,,,,,,,,,,,,,,
9433052,train,,,,,,,,,,,,,,,,,
9516772,train,,,,,,,,,,,,,,,,,
9484628,train,,,,,,,,,,,,,,,,,
9185392,train,,,,,,,,,,,,,,,,,
8797074,train,,,,,,,,,,,,,,,,,
9272787,train,,,,,,,,,,,,,,,,,
9484684,train,,,,,,,,,,,,,,,,,
9094427,train,,,,,,,,,,,,,,,,,
9051034,train,,,,,,,,,,,,,,,,,
9587059,train,,,,,,,,,,,,,,,,,
9484635,train,,,,,,,,,,,,,,,,,
9128755,train,,,,,,,,,,,,,,,,,
8938404,train,,,,,,,,,,,,,,,,,
9702678,train,,,,,,,,,,,,,,,,,
9684072,train,,,,,,,,,,,,,,,,,
9433703,train,,,,,,,,,,,,,,,,,
9793839,train,,,,,,,,,,,,,,,,,
9684240,train,,,,,,,,,,,,,,,,,
9440507,train,,,,,,,,,,,,,,,,,
9388420,train,,,,,,,,,,,,,,,,,
9457692,train,,,,,,,,,,,,,,,,,
9440556,train,,,,,,,,,,,,,,,,,
9292541,train,,,,,,,,,,,,,,,,,
9097017,train,,,,,,,,,,,,,,,,,
9018225,train,,,,,,,,,,,,,,,,,
9484579,train,,,,,,,,,,,,,,,,,
9087105,train,,,,,,,,,,,,,,,,,
9432996,train,,,,,,,,,,,,,,,,,
9680208,train,,,,,,,,,,,,,,,,,
9272752,train,,,,,,,,,,,,,,,,,
9516723,train,,,,,,,,,,,,,,,,,
9331104,train,,,,,,,,,,,,,,,,,
9516702,train,,,,,,,,,,,,,,,,,
9516527,train,,,,,,,,,,,,,,,,,
8887892,train,,,,,,,,,,,,,,,,,
9222422,train,,,,,,,,,,,,,,,,,
9084760,train,,,,,,,,,,,,,,,,,
9128706,train,,,,,,,,,,,,,,,,,
9684373,train,,,,,,,,,,,,,,,,,
9433829,train,,,,,,,,,,,,,,,,,
9489360,train,,,,,,,,,,,,,,,,,
9292534,train,,,,,,,,,,,,,,,,,
9407712,train,,,,,,,,,,,,,,,,,
9587010,train,,,,,,,,,,,,,,,,,
9128384,train,,,,,,,,,,,,,,,,,
9271702,train,,,,,,,,,,,,,,,,,
9489472,train,,,,,,,,,,,,,,,,,
9262112,train,,,,,,,,,,,,,,,,,
9327520,train,,,,,,,,,,,,,,,,,
9684933,train,,,,,,,,,,,,,,,,,
9587143,train,,,,,,,,,,,,,,,,,
9433563,train,,,,,,,,,,,,,,,,,
9516765,train,,,,,,,,,,,,,,,,,
9128650,train,,,,,,,,,,,,,,,,,
9377255,train,,,,,,,,,,,,,,,,,
9327576,train,,,,,,,,,,,,,,,,,
9084690,train,,,,,,,,,,,,,,,,,
9272591,train,,,,,,,,,,,,,,,,,
9433213,train,,,,,,,,,,,,,,,,,
9084704,train,,,,,,,,,,,,,,,,,
9097423,train,,,,,,,,,,,,,,,,,
9489430,train,,,,,,,,,,,,,,,,,
9097318,train,,,,,,,,,,,,,,,,,
9272675,train,,,,,,,,,,,,,,,,,
9076892,train,,,,,,,,,,,,,,,,,
9484663,train,,,,,,,,,,,,,,,,,
9433318,train,,,,,,,,,,,,,,,,,
9076808,train,,,,,,,,,,,,,,,,,
9094336,train,,,,,,,,,,,,,,,,,
9084620,train,,,,,,,,,,,,,,,,,
9094441,train,,,,,,,,,,,,,,,,,
9344453,train,,,,,,,,,,,,,,,,,
9085159,train,,,,,,,,,,,,,,,,,
9407810,train,,,,,,,,,,,,,,,,,
9167920,train,,,,,,,,,,,,,,,,,
8887703,train,,,,,,,,,,,,,,,,,
9433458,train,,,,,,,,,,,,,,,,,
9837267,train,,,,,,,,,,,,,,,,,
9128342,train,,,,,,,,,,,,,,,,,
9128580,train,,,,,,,,,,,,,,,,,
9407775,train,,,,,,,,,,,,,,,,,
9586968,train,,,,,,,,,,,,,,,,,
9680299,train,,,,,,,,,,,,,,,,,
9027409,train,,,,,,,,,,,,,,,,,
9433171,train,,,,,,,,,,,,,,,,,
9433136,train,,,,,,,,,,,,,,,,,
9725757,train,,,,,,,,,,,,,,,,,
9086979,train,,,,,,,,,,,,,,,,,
9094294,train,,,,,,,,,,,,,,,,,
9702769,train,,,,,,,,,,,,,,,,,
9097157,train,,,,,,,,,,,,,,,,,
9433381,train,,,,,,,,,,,,,,,,,
9123218,train,,,,,,,,,,,,,,,,,
9433038,train,,,,,,,,,,,,,,,,,
9684422,train,,,,,,,,,,,,,,,,,
9866366,train,,,,,,,,,,,,,,,,,
9087161,train,,,,,,,,,,,,,,,,,
9344278,train,,,,,,,,,,,,,,,,,
9085285,train,,,,,,,,,,,,,,,,,
9516751,train,,,,,,,,,,,,,,,,,
9085033,train,,,,,,,,,,,,,,,,,
9051188,train,,,,,,,,,,,,,,,,,
9330880,train,,,,,,,,,,,,,,,,,
9327548,train,,,,,,,,,,,,,,,,,
9516800,train,,,,,,,,,,,,,,,,,
9097080,train,,,,,,,,,,,,,,,,,
9484516,train,,,,,,,,,,,,,,,,,
9484502,train,,,,,,,,,,,,,,,,,
9084774,train,,,,,,,,,,,,,,,,,
9433115,train,,,,,,,,,,,,,,,,,
9388567,train,,,,,,,,,,,,,,,,,
9128433,train,,,,,,,,,,,,,,,,,
8950815,train,,,,,,,,,,,,,,,,,
9837288,train,,,,,,,,,,,,,,,,,
9457643,train,,,,,,,,,,,,,,,,,
9272486,train,,,,,,,,,,,,,,,,,
9128601,train,,,,,,,,,,,,,,,,,
9433241,train,,,,,,,,,,,,,,,,,
9097227,train,,,,,,,,,,,,,,,,,
9516695,train,,,,,,,,,,,,,,,,,
9433633,train,,,,,,,,,,,,,,,,,
